customer_id,customer_name,email,registration_date,customer_type
1,Brianna Sullivan,washingtoncarrie@example.net,2023-03-19,REGULAR
2,Ernest Kramer,colleen54@example.com,2024-11-09,REGULAR
3,Thomas Butler,patrickwalters@example.org,2023-01-23,VIP
4,Christian King,vjones@example.org,2024-05-16,VIP
5,Samantha Patrick,patricia60@example.com,2026-03-04,REGULAR
6,Glen Shannon,jsmith@example.com,2024-03-26,REGULAR
7,Lauren Mclean,uturner@example.com,2022-07-17,REGULAR
8,Lisa Miles,crystal89@example.org,2025-09-10,VIP
9,Lawrence Benitez,angelaallen@example.com,2024-07-21,REGULAR
10,Carl Mayer,martinjackson@example.org,2026-02-21,VIP
11,Diane Smith,maria40@example.org,2024-01-31,REGULAR
12,Javier Thomas,christensenderek@example.com,2023-04-10,PREMIUM
13,Jennifer Gutierrez,william23@example.com,2025-07-01,REGULAR
14,Bruce Rodriguez,mariagarcia@example.net,2022-09-29,REGULAR
15,Bryan Smith,ericbishop@example.com,2022-12-27,PREMIUM
16,Randall Warren,jessica02@example.net,2024-07-06,REGULAR
17,Kristen Mann,shenderson@example.net,2024-03-30,PREMIUM
18,David Gonzalez,chasemartin@example.com,2023-02-22,PREMIUM
19,Michael Jones,nicolegonzalez@example.net,2025-01-19,PREMIUM
20,Jonathan Campos,penadouglas@example.net,2022-10-28,REGULAR
21,Madison Hernandez,christopher88@example.com,2025-04-25,VIP
22,Megan Bell,romangregory@example.com,2024-08-10,PREMIUM
23,Timothy Reese,gsimon@example.net,2025-02-18,PREMIUM
24,Alicia Jacobs,keyjames@example.org,2023-01-19,VIP
25,Ashley Gross,weissdeborah@example.net,2025-11-06,PREMIUM
26,Jeffrey Thornton,bboyd@example.com,2024-10-10,VIP
27,Richard Williams,reedjoanna@example.org,2025-09-07,VIP
28,Scott Velez,danielmontgomery@example.net,2022-10-31,PREMIUM
29,Belinda Weber,gutierrezruben@example.org,2022-12-17,REGULAR
30,Eric Allen,ssanchez@example.net,2024-09-06,PREMIUM
31,Catherine Medina,antoniolee@example.net,2024-08-10,VIP
32,Stephanie Berry,brianmeyer@example.org,2024-08-02,REGULAR
33,Justin Wright,russell51@example.org,2026-01-07,REGULAR
34,Sarah Hughes,elizabeth38@example.net,2023-09-06,VIP
35,Tammy Lawson,gonzalespeter@example.net,2025-12-19,VIP
36,Patricia Mack,gallegosteresa@example.org,2025-05-08,VIP
37,John Cummings,williamscarla@example.com,2022-11-14,VIP
38,Carmen Thomas,ijackson@example.org,2022-10-11,PREMIUM
39,Sarah Andrews,pthomas@example.org,2023-12-24,VIP
40,Jocelyn Gonzalez,mlewis@example.com,2026-03-18,REGULAR
41,Jamie Reese,knightandrew@example.com,2025-06-25,REGULAR
42,Christian Moody,brian70@example.com,2025-10-10,REGULAR
43,Hannah Taylor DDS,michelle34@example.com,2024-08-08,PREMIUM
44,Nathan Brown,frederickhernandez@example.com,2025-03-05,REGULAR
45,Amanda Hall,tammymooney@example.net,2025-11-26,VIP
46,Joanna Hill,olee@example.org,2024-01-19,PREMIUM
47,Mr. Michael Miller PhD,charles63@example.net,2022-11-20,PREMIUM
48,Bruce Clark,clarkpatrick@example.com,2025-01-09,VIP
49,Carlos Taylor,thomas81@example.org,2024-12-17,PREMIUM
50,Andrew Meyer,ulogan@example.org,2023-12-29,VIP
51,Dorothy Whitehead,scottmichael@example.org,2023-05-22,PREMIUM
52,April Beard,sharpbrittany@example.com,2024-04-07,PREMIUM
53,Stacey Lowery,josephholder@example.org,2024-04-04,PREMIUM
54,Jason Russell,ncampos@example.net,2026-02-20,REGULAR
55,Laura Taylor,sharonvasquez@example.org,2024-12-30,REGULAR
56,Michelle Taylor,bbowman@example.net,2025-08-19,REGULAR
57,Brooke Wood,gutierrezdavid@example.net,2025-12-23,REGULAR
58,Monica Mays,wryan@example.net,2023-05-27,PREMIUM
59,Alison Schmitt,brownthomas@example.net,2025-12-15,PREMIUM
60,Courtney Gonzales,natasha54@example.net,2026-06-04,PREMIUM
61,Jordan Espinoza,michelletaylor@example.com,2024-09-12,VIP
62,Cheryl Huffman,sara32@example.com,2024-05-08,REGULAR
63,Joseph Ross,iflores@example.net,2024-03-21,REGULAR
64,Francisco Kelly,matthewwalsh@example.net,2022-07-12,VIP
65,Wendy Gutierrez,christinaryan@example.org,2025-08-29,VIP
66,Stephanie Carter,tina47@example.net,2025-01-06,PREMIUM
67,Christopher Gordon,mcdanielnicole@example.com,2025-06-29,PREMIUM
68,Savannah Daniel,iallenexample.com,2025-03-28,VIP
69,Patricia Snyder,jacqueline27@example.net,2022-08-30,PREMIUM
70,Christine Gaines,jessicahale@example.com,2024-10-24,REGULAR
71,David Hernandez,tdavis@example.org,2025-12-10,REGULAR
72,Rebecca Martinez,moniquemarsh@example.net,2025-01-26,PREMIUM
73,Katelyn Gilbert,tina77@example.net,2025-01-26,VIP
74,Debra Gibson,walter75@example.com,2024-01-08,REGULAR
75,Heather Sanchez,efranklin@example.net,2024-10-13,REGULAR
76,John Yates,robindawson@example.org,2026-05-05,VIP
77,Carlos Stevens,calebmccormick@example.org,2022-11-09,VIP
78,Edward Rhodes,fjohnson@example.org,2023-09-21,REGULAR
79,Catherine Brown,hernandezjasmine@example.com,2024-11-17,PREMIUM
80,Carla Foster,rnichols@example.org,2025-01-18,PREMIUM
81,Francisco Burns,earl18@example.org,2022-08-15,REGULAR
82,Brian Brown,wpatel@example.org,2023-08-12,REGULAR
83,Kyle Wright,joannkelley@example.org,2025-03-15,PREMIUM
84,Frank Huber,gregory18@example.net,2025-10-12,VIP
85,Michael Brown,susangonzalez@example.com,2025-05-19,REGULAR
86,Marissa Aguilar,alvarezalexander@example.com,2024-04-09,VIP
87,Andrea Ruiz,urose@example.com,2025-05-29,VIP
88,Teresa Robles,marshallsandra@example.com,2022-11-07,PREMIUM
89,Kelly Montoya,zalexander@example.org,2024-09-08,VIP
90,William Rodgers,byrdmelissa@example.org,2025-11-10,VIP
91,Jeffrey Munoz,morganvalentine@example.com,2026-06-04,PREMIUM
92,Laura Brown,kramerdaniel@example.net,2024-08-28,VIP
93,Jason Heath,nbennett@example.net,2022-12-18,PREMIUM
94,Michael Gray,kyle02@example.org,2023-02-24,PREMIUM
95,David Mcdaniel,walkersandra@example.net,2024-08-20,REGULAR
96,William Stewart,matthewjohnson@example.com,2025-03-23,REGULAR
97,Anthony Jordan,lewismary@example.org,2023-05-25,REGULAR
98,Wyatt Williams,joseph36@example.net,2026-01-17,REGULAR
99,Kimberly Dunn,andrew43@example.com,2024-07-07,VIP
100,Brian Davis,samantha35@example.org,2024-01-03,REGULAR
101,Malik Diaz,oatkins@example.net,2024-04-16,PREMIUM
102,Timothy Chen,bwilliams@example.com,2023-03-29,REGULAR
103,Shannon Stanley,michael20@example.net,2023-05-08,PREMIUM
104,Melissa Roberts,deborah18@example.com,2026-01-09,REGULAR
105,Donna Gonzales,phillipmcbride@example.net,2022-11-21,VIP
106,Bradley Jackson,uharris@example.com,2023-06-06,REGULAR
107,Joshua Figueroa,sherylhampton@example.net,2025-03-03,PREMIUM
108,Calvin Turner,bhenderson@example.com,2024-02-08,REGULAR
109,Robert Beltran,alison27@example.org,2023-01-28,PREMIUM
110,William Williams DVM,alexander36@example.org,2022-12-22,PREMIUM
111,Julie Burns,johnwest@example.com,2023-08-10,REGULAR
112,Cindy Johnson,henry53@example.net,2026-01-22,VIP
113,Thomas Carter,robertsmichelle@example.com,2022-11-13,PREMIUM
114,Amanda Stanley,josephwilliams@example.net,2026-02-21,REGULAR
115,Mrs. Barbara Baker,cruzandrea@example.net,2025-04-13,REGULAR
116,Courtney Wilson,oscarwilson@example.org,2025-11-28,REGULAR
117,Kevin Harris,taraclark@example.org,2026-02-21,PREMIUM
118,Nina Love,browe@example.org,2024-07-19,REGULAR
119,John Boyd,oballard@example.com,2026-07-07,VIP
120,Thomas Wright,lopezmelody@example.com,2024-05-18,VIP
121,Joyce Robinson,steve45@example.net,2023-12-16,REGULAR
122,David Perez,bsmith@example.com,2023-08-13,REGULAR
123,Emily Lewis,benjamindurham@example.net,2022-08-07,PREMIUM
124,Joseph Martinez,ulozano@example.org,2023-02-01,PREMIUM
125,Benjamin Smith,igreer@example.net,2025-02-16,REGULAR
126,Michael Stark,aguilarmichelle@example.net,2024-10-09,PREMIUM
127,Gerald Carey,hholland@example.net,2026-01-24,PREMIUM
128,Ann Montgomery,ashleyjoseph@example.com,2025-05-13,VIP
129,Matthew Mccarthy,farmerjessica@example.com,2022-08-15,VIP
130,Leslie Huffman,leesean@example.org,2023-10-30,PREMIUM
131,Mary Shaw,tking@example.org,2022-10-14,PREMIUM
132,Eric Chapman,reaton@example.net,2023-03-05,REGULAR
133,Steven Silva,charleslopez@example.com,2026-05-04,VIP
134,Julia Smith,uherrera@example.org,2026-01-09,PREMIUM
135,Heather Ramsey,angelarose@example.com,2025-10-20,VIP
136,Erica Gonzalez,victoria71@example.org,2022-09-14,VIP
137,Vicki Mata,upayne@example.com,2022-07-23,VIP
138,Mr. Larry Jimenez,smithsteven@example.net,2023-07-08,REGULAR
139,Patricia Freeman,kaitlinfloyd@example.com,2023-03-11,REGULAR
140,Vanessa Collins,kathleenjenkins@example.net,2024-11-02,REGULAR
141,David Ortiz,amber58@example.org,2024-09-29,VIP
142,Rebecca Huff,todd93@example.com,2025-04-28,VIP
143,Alan Neal,kenneth36@example.org,2025-08-03,REGULAR
144,Gerald Scott,mikevaldez@example.com,2025-11-29,VIP
145,Erica Mcguire,vsanchez@example.net,2024-10-09,PREMIUM
146,Vanessa Freeman,fitzgeraldkevin@example.net,2026-05-24,REGULAR
147,Alyssa Miller,leah57@example.net,2025-11-08,PREMIUM
148,Rebekah Hill,zbryant@example.com,2023-12-10,PREMIUM
149,Jonathan Morgan,justincarter@example.org,2024-05-02,VIP
150,Joseph Nichols,meyersjason@example.net,2023-06-27,PREMIUM
151,Terry Mcdowell,emily11@example.org,2025-09-17,REGULAR
152,Karen Ramirez,whitegregoryexample.com,2022-11-01,VIP
153,Wayne Walsh PhD,aayers@example.org,2023-05-31,REGULAR
154,Jody Schultz,tcrawford@example.org,2022-11-12,REGULAR
155,Kevin King,figueroamegan@example.com,2026-03-08,REGULAR
156,Denise Monroe,ygonzalez@example.net,2026-06-27,REGULAR
157,Daniel Myers,kimlewis@example.net,2024-01-12,PREMIUM
158,Rebekah Cooke,mckenzienorma@example.net,2025-01-28,PREMIUM
159,Becky Sutton,kelly11@example.com,2023-12-05,VIP
160,Emily Barnes,arroyokenneth@example.com,2025-07-23,VIP
161,Richard Young,davidjimenez@example.net,2024-11-22,VIP
162,Sarah Hernandez,tdavis@example.net,2026-07-04,PREMIUM
163,Ronnie Chan,michaelwalker@example.com,2024-08-28,REGULAR
164,Heidi Hodges,graysarah@example.net,2025-10-20,REGULAR
165,Adrienne Johnson,christina55@example.com,2023-07-03,REGULAR
166,Carl Decker,ujones@example.net,2025-12-28,REGULAR
167,Kristine Spencer,wrussell@example.net,2022-12-01,VIP
168,Richard Byrd,corey93@example.com,2025-07-08,PREMIUM
169,Christopher Brown,torresmichael@example.com,2022-10-28,VIP
170,Michelle Wang,phillipsmike@example.net,2022-09-16,VIP
171,Alexandra Brooks,matthewstanley@example.net,2023-12-16,REGULAR
172,Valerie Rocha,bridget97@example.net,2023-09-29,PREMIUM
173,Charles Cain,vbutler@example.org,2026-02-22,REGULAR
174,Alice Robinson,jgrossexample.org,2024-07-19,REGULAR
175,John Ferguson,jordanbrenda@example.org,2026-03-16,PREMIUM
176,John Osborn,huntercampbell@example.com,2022-08-07,PREMIUM
177,Jose Ortiz,tyler53@example.org,2024-04-23,PREMIUM
178,Samuel Brown,smithcynthia@example.com,2024-08-01,REGULAR
179,Michael Dennis,aflores@example.com,2024-04-03,VIP
180,Tina Robinson,bwalsh@example.com,2023-05-25,VIP
181,Daniel Tate,leemelissa@example.com,2025-12-07,PREMIUM
182,Renee Cook,martinmatthew@example.net,2026-03-02,REGULAR
183,Vanessa Phelps,adamsjessica@example.org,2025-05-19,REGULAR
184,Christopher Klein,fdavis@example.org,2025-12-14,REGULAR
185,Christy Luna,ashleymelton@example.com,2025-09-18,REGULAR
186,Steven Lee,fjones@example.net,2026-03-09,VIP
187,Nathan Ramirez,johnsonbrittany@example.net,2024-01-07,VIP
188,Audrey Brooks,jacksonandrew@example.com,2023-09-14,PREMIUM
189,Jason Phelps,imartin@example.com,2024-07-06,VIP
190,Calvin Acevedo,morganeric@example.org,2024-07-15,REGULAR
191,Shannon Robertson,susanlawrence@example.org,2023-11-14,REGULAR
192,Rachel Davis,rbarron@example.org,2024-05-09,REGULAR
193,William Barton,palmerwilliam@example.org,2023-03-02,PREMIUM
194,Stacy Berger,debrashannon@example.com,2023-05-18,PREMIUM
195,Katelyn Galloway,mcdonaldpaul@example.org,2022-08-29,VIP
196,Martin Obrien,nancy33@example.org,2026-02-21,PREMIUM
197,Jeff Thompson,james40@example.org,2024-09-09,VIP
198,Morgan Dennis,colemanjoyce@example.net,2026-02-20,REGULAR
199,Robert Thompson,lmiller@example.org,2022-09-07,REGULAR
200,Victor Barrett,kenneth70@example.org,2022-09-18,PREMIUM
201,Marcus Bowman,ronald33@example.org,2023-08-30,REGULAR
202,Jack Jimenez,adrian57@example.net,2022-12-02,VIP
203,Robin Hanna,murphydaisy@example.net,2022-11-17,PREMIUM
204,Brandon Trujillo,ashley98@example.net,2024-01-24,REGULAR
205,Ryan Fitzgerald,victoriamarquez@example.net,2025-10-08,PREMIUM
206,Steven Jimenez,hughesjoshua@example.net,2025-05-06,VIP
207,Gary Mcintyre,danpeterson@example.org,2024-05-18,VIP
208,Matthew Warren,joseph56@example.com,2025-08-09,REGULAR
209,Lindsey Bridges,apaul@example.net,2025-03-25,PREMIUM
210,Kristie Hodges,stevenspatrick@example.net,2022-12-24,PREMIUM
211,Timothy Frederick,xphillips@example.net,2025-01-23,VIP
212,Jacqueline Harrell,natalie96@example.net,2023-09-06,VIP
213,Dawn Carter,xsanchez@example.net,2024-05-01,PREMIUM
214,Paul Parker,kimberlyanderson@example.com,2024-11-11,VIP
215,Mark Paul,priscilla41@example.net,2025-11-09,VIP
216,Carolyn Gibbs,reneewhite@example.org,2025-06-18,REGULAR
217,Michelle Barker,vcollins@example.com,2024-05-20,REGULAR
218,Thomas Davis,vbrewer@example.net,2023-07-16,VIP
219,Karen Williams,wgraves@example.net,2023-12-29,VIP
220,Matthew Shelton,scottdanielle@example.com,2025-03-16,REGULAR
221,Charles York,victoria00@example.org,2025-03-25,REGULAR
222,Brett Shelton,mgarcia@example.com,2022-08-23,PREMIUM
223,Shannon Eaton,james92@example.com,2023-10-18,VIP
224,Stephanie Delgado,frederick21@example.com,2023-05-21,VIP
225,Matthew Herrera,christianphilip@example.org,2022-11-17,VIP
226,Mandy Nunez,barkermichael@example.com,2026-02-07,PREMIUM
227,John Castillo,jake51@example.org,2023-07-20,VIP
228,Vickie King,gmolina@example.net,2023-03-28,REGULAR
229,Mathew Everett,gallen@example.org,2025-10-09,VIP
230,John Maddox,qpacheco@example.org,2024-10-24,VIP
231,Sarah Martin,melanieporter@example.com,2022-11-30,REGULAR
232,Nathan Campbell,allisonmartinez@example.org,2024-07-02,PREMIUM
233,Heather King,charles61@example.net,2023-03-02,REGULAR
234,Aaron Bennett,brendasmith@example.com,2023-07-26,REGULAR
235,Dave Coleman,johncooke@example.net,2025-03-29,VIP
236,Paul Harris,jenkinsjames@example.net,2023-02-18,PREMIUM
237,Gail Mcpherson,hacosta@example.com,2026-01-12,PREMIUM
238,Larry Holloway,herreramark@example.com,2023-04-22,VIP
239,Justin Turner,penningtondaniel@example.com,2023-08-24,VIP
240,Justin Stewart,trandominique@example.org,2022-09-15,REGULAR
241,John Rowland,conleylori@example.org,2023-06-18,VIP
242,Tina Shelton,scottalexis@example.com,2025-02-07,PREMIUM
243,Nicole Adams,alexanderbarnes@example.net,2025-12-02,REGULAR
244,Catherine Brewer,romerobrian@example.org,2024-09-28,REGULAR
245,Joseph Smith,lhopkins@example.org,2025-01-26,REGULAR
246,Amanda Lewis,greenamanda@example.net,2024-11-28,REGULAR
247,Ashley Contreras,michael05@example.com,2022-07-24,VIP
248,Joseph Willis,robertlewis@example.com,2022-11-25,REGULAR
249,Emily Hurley,jerry09@example.com,2022-07-26,VIP
250,Jennifer Floyd,pjones@example.net,2024-03-24,VIP
251,April Jones,merrittchristopher@example.com,2026-05-02,PREMIUM
252,James Humphrey,vaughanloretta@example.com,2026-04-13,REGULAR
253,Kathleen Curtis,chasedavid@example.org,2025-09-23,REGULAR
254,Mrs. Katelyn Lewis DDS,morrisearl@example.net,2024-07-25,REGULAR
255,Amber Hammond,valeriestuart@example.com,2025-09-02,REGULAR
256,Jason Espinoza,jesus45@example.com,2023-01-11,VIP
257,Jeffery Shields,vcobb@example.net,2024-02-01,REGULAR
258,Diane Williamson,melanie98@example.org,2022-11-29,REGULAR
259,Amanda Moran,epreston@example.net,2025-09-20,PREMIUM
260,Stacey Miller,johnsonchristopher@example.org,2025-01-30,VIP
261,Vicki Williams DDS,brentwagner@example.net,2024-08-11,PREMIUM
262,Courtney Boone,ucook@example.net,2024-04-11,VIP
263,Shelby Mcmahon,oavila@example.net,2025-10-10,PREMIUM
264,Robert Thomas,jacoblynch@example.org,2025-03-18,VIP
265,Christopher Lucas,davidmack@example.com,2023-07-02,REGULAR
266,Alison Simmons,jeffreyhall@example.org,2024-05-15,PREMIUM
267,Julie Phillips,reyespamela@example.net,2026-01-17,REGULAR
268,Alicia Anderson,dorisenglish@example.net,2025-04-29,PREMIUM
269,Mr. Nathan Young Jr.,anna27@example.org,2024-05-08,VIP
270,Joshua Mcgee,wareeric@example.net,2024-12-13,REGULAR
271,Erin Gonzalez,amymorales@example.org,2025-10-03,REGULAR
272,Priscilla Gibson,dmoyer@example.net,2023-02-07,REGULAR
273,Alexander Shelton,richardsonangela@example.com,2022-08-01,PREMIUM
274,David Miller,tyrone93@example.com,2023-11-16,REGULAR
275,James Leblanc,michelledickerson@example.net,2026-03-18,REGULAR
276,Marissa Garcia,yramirez@example.com,2022-12-30,REGULAR
277,Holly Francis,lewiscathy@example.com,2024-12-06,REGULAR
278,Cody Torres,sanchezrobert@example.net,2022-08-26,PREMIUM
279,Marcus Harrison,andersonnicolas@example.org,2025-01-12,PREMIUM
280,Catherine Peterson DDS,elizabethbrown@example.com,2023-09-30,PREMIUM
281,Megan Byrd,rtaylor@example.org,2025-03-30,VIP
282,Tracy Walsh,alanblake@example.com,2024-12-13,REGULAR
283,Christopher Sullivan,maria00@example.org,2024-01-22,VIP
284,Christine Thomas,crawfordemily@example.net,2026-05-19,REGULAR
285,David Arias Jr.,brianrichards@example.com,2026-03-12,PREMIUM
286,Luis Taylor,jennifermeyer@example.net,2024-03-05,PREMIUM
287,Carol Thompson,gloria94@example.com,2023-05-22,VIP
288,Robert Dean,ycordova@example.com,2025-02-28,VIP
289,Scott Dunn,patrick29@example.net,2024-11-16,PREMIUM
290,Stephanie Collins,jhahn@example.org,2022-10-02,PREMIUM
291,Carol Schneider,barrettellen@example.org,2026-03-22,PREMIUM
292,Alexis Ayala,daviskenneth@example.com,2022-11-08,VIP
293,James Walker,jennifer32@example.com,2023-07-27,VIP
294,Adrienne Butler,darren37@example.net,2024-03-17,PREMIUM
295,Lisa Young,tellis@example.com,2022-10-01,VIP
296,Carolyn Davis,jimenezmichael@example.net,2024-06-24,PREMIUM
297,Pamela Carter,sandrarogers@example.net,2024-01-07,VIP
298,Maria Sullivan,deborahflores@example.org,2022-07-14,VIP
299,Blake Brown,pmartin@example.net,2025-08-18,PREMIUM
300,Julia Sanchez,james39@example.net,2023-08-01,PREMIUM
301,Natalie Mays,williamli@example.com,2023-12-20,REGULAR
302,Anna Allen,haydenluis@example.com,2026-07-03,PREMIUM
303,Robert Wilson,elizabeth45@example.org,2025-01-09,PREMIUM
304,Emma Larsen,holtnicole@example.net,2025-07-03,PREMIUM
305,Randall Morgan,jennifer50@example.org,2024-08-10,REGULAR
306,Sean Foley,ashley95@example.com,2025-10-29,VIP
307,Lauren Mitchell,kimberlyhopkins@example.net,2023-01-20,PREMIUM
308,Ashley Joseph,ulawrence@example.com,2026-03-04,REGULAR
309,Ashley Whitaker,samantha67@example.net,2022-09-18,VIP
310,Steven Molina,ibryant@example.net,2024-05-27,REGULAR
311,Anna Garcia,lejulie@example.org,2025-05-14,REGULAR
312,Mr. Stephen Gonzales,montoyalatasha@example.org,2023-09-05,VIP
313,James Rodriguez,roberthunt@example.net,2024-04-02,REGULAR
314,Charlene Brooks,caleb14@example.com,2025-09-03,REGULAR
315,Holly Trevino,jaclyngoodman@example.net,2022-08-14,REGULAR
316,Melissa Olson,wpearson@example.com,2022-09-25,PREMIUM
317,Logan Ramos,patricia86@example.net,2025-10-23,REGULAR
318,Melinda Huang,sarahbarr@example.com,2023-08-13,VIP
319,Gabriel Montgomery,jilldrake@example.org,2023-01-01,REGULAR
320,Eileen Miller,mitchelltorres@example.org,2023-02-07,REGULAR
321,Eric Gibson,christina26@example.net,2024-09-15,PREMIUM
322,Julie Martinez,ncampbell@example.org,2023-07-02,PREMIUM
323,Tamara Diaz,williamsrachel@example.org,2024-12-07,VIP
324,Christopher Deleon,benjamin60@example.org,2026-02-13,VIP
325,Stephanie Dalton,csalazar@example.net,2024-11-13,VIP
326,Brian Stephenson,stevenhudson@example.net,2025-05-25,VIP
327,Jason Williams,jeffrey56@example.org,2022-08-20,VIP
328,Michael Freeman,bradley19@example.com,2023-02-01,REGULAR
329,Dakota Winters,andres21@example.net,2025-04-14,VIP
330,Robin Foster,ryan93@example.org,2022-11-16,PREMIUM
331,Steven Robinson,emily95@example.org,2022-10-19,VIP
332,Christopher Jones,pamelataylor@example.org,2025-04-07,VIP
333,Paul Lopez,velliott@example.net,2023-12-10,REGULAR
334,Autumn Clark,amberbishop@example.org,2023-07-25,PREMIUM
335,Brenda Ferguson,roachchristopher@example.com,2025-01-21,PREMIUM
336,Jonathan Kim,kathyjones@example.org,2026-01-09,PREMIUM
337,Joseph Edwards,robertdougherty@example.net,2024-10-08,PREMIUM
338,Ryan Leonard,smithpatrick@example.net,2023-07-09,VIP
339,Stephen Washington,john80@example.net,2023-01-30,PREMIUM
340,Melanie Kerr,brownelizabeth@example.net,2026-06-21,VIP
341,Anthony Torres,racheljackson@example.org,2025-09-20,PREMIUM
342,Vincent Underwood,philip34@example.com,2025-12-07,VIP
343,Tina Savage,emorrow@example.org,2023-08-28,PREMIUM
344,William Short,kristy21@example.org,2023-08-28,REGULAR
345,Michael Reed,moranlaura@example.com,2024-04-30,PREMIUM
346,Emma Casey,cjones@example.org,2025-09-04,PREMIUM
347,James Ward,lucas24@example.org,2025-07-05,VIP
348,Jackson Burke,darrell14@example.com,2022-12-14,REGULAR
349,David Taylor,littlekevin@example.org,2023-01-10,PREMIUM
350,William Gibson,johndelgado@example.org,2024-06-28,REGULAR
351,Matthew Kelley,shannoncummings@example.net,2023-09-11,PREMIUM
352,Shane Coleman,bwhite@example.net,2026-01-21,VIP
353,Jennifer Garcia,carla47@example.net,2025-06-24,PREMIUM
354,Jonathan Carpenter,kaylaschroeder@example.com,2024-01-20,VIP
355,John Snyder,emilyfoster@example.org,2025-07-13,REGULAR
356,Katelyn Walker,osingleton@example.com,2024-09-25,PREMIUM
357,Lance Anderson,quinnwilliam@example.com,2025-03-29,REGULAR
358,Adam Johnson,younghannah@example.com,2024-01-24,VIP
359,Charles Nelson,christophercharles@example.com,2022-11-10,PREMIUM
360,Richard Davis,steven89@example.org,2026-04-07,REGULAR
361,Sabrina Brooks,gabriel37@example.com,2024-07-15,PREMIUM
362,William Humphrey,allenanna@example.com,2025-02-24,PREMIUM
363,Danny Christian,walter63@example.org,2025-09-19,PREMIUM
364,John Dillon,jlewis@example.org,2024-05-28,VIP
365,Angel Allen,vmartin@example.net,2022-07-29,VIP
366,Michael Pearson,gomezaaron@example.net,2023-12-31,PREMIUM
367,Kristina Patel,tzimmerman@example.net,2025-02-22,PREMIUM
368,Pamela Huerta,grantlauren@example.net,2024-02-15,REGULAR
369,Christopher Adkins,trujilloheidi@example.com,2024-01-03,REGULAR
370,Jonathan Schmidt,ybrown@example.net,2025-11-03,VIP
371,Robert Davis,avega@example.net,2023-08-24,VIP
372,Dawn Mclaughlin,greenterri@example.net,2023-01-06,REGULAR
373,Samuel Davis,shieldsarthur@example.net,2025-07-21,PREMIUM
374,Sharon Adams,sbarnes@example.net,2023-01-31,VIP
375,Benjamin Johnson,michaelrodriguez@example.org,2025-06-02,REGULAR
376,Julie Cervantes,charles19@example.net,2023-10-08,PREMIUM
377,Teresa Sherman,fhall@example.net,2023-08-26,REGULAR
378,Maurice Jones,james10@example.com,2024-01-06,VIP
379,Christopher Cooper,phyllisjones@example.net,2024-08-28,PREMIUM
380,Latasha Ochoa,sandovaljulie@example.org,2023-01-29,REGULAR
381,Paige Morris,taylornichole@example.org,2025-06-23,VIP
382,Casey Simmons,jessica72@example.com,2023-11-07,VIP
383,Susan Harris,donna53@example.com,2025-11-13,PREMIUM
384,Deanna Wilkerson,josephdean@example.com,2025-11-27,REGULAR
385,Laurie Salazar,kbruce@example.com,2024-11-04,PREMIUM
386,Billy Newman,garciasheila@example.net,2025-08-22,PREMIUM
387,Mitchell Hernandez,johnpoole@example.net,2025-04-11,REGULAR
388,Michelle Hull,fhuang@example.com,2024-06-25,PREMIUM
389,Kevin Ballard,kryan@example.net,2022-11-02,REGULAR
390,Cody Randall,william86@example.org,2024-04-12,REGULAR
391,Angel Bowers,tmiller@example.com,2023-05-29,VIP
392,Danielle Smith,novaklori@example.net,2023-05-15,REGULAR
393,Robert Taylor,upennington@example.net,2023-07-23,PREMIUM
394,Emily Morales,lewistammy@example.org,2022-08-08,REGULAR
395,Kristin Blair,josecarter@example.com,2025-09-15,PREMIUM
396,Lisa Rivera,ohawkins@example.net,2025-12-16,VIP
397,Phillip Rodriguez,jamesguy@example.org,2024-09-13,VIP
398,Ryan Stevenson,kathleen71@example.org,2024-04-03,PREMIUM
399,Ethan Nelson,kathrynarnold@example.com,2022-09-15,VIP
400,Trevor Rodriguez,lance23@example.org,2024-02-26,PREMIUM
401,Vanessa Hart,christophergomez@example.com,2024-11-09,REGULAR
402,Robert Frazier,haroldreed@example.org,2023-05-03,VIP
403,Todd Tucker,joshuahodges@example.net,2023-11-01,REGULAR
404,Christopher Johnson,alishabowman@example.net,2026-03-27,PREMIUM
405,Dylan Collier,michaelnewton@example.com,2024-08-14,REGULAR
406,Andrea Hernandez,fdavenport@example.org,2024-06-26,VIP
407,Elizabeth Barrett,lrobinson@example.com,2023-06-05,REGULAR
408,Nathan Obrien,nhendrix@example.org,2024-09-19,VIP
409,William Atkinson,dchavez@example.net,2025-10-09,PREMIUM
410,Jonathan Bell,parkeranna@example.com,2023-04-25,PREMIUM
411,Timothy Thompson,william76@example.net,2024-12-31,VIP
412,Tyler Chung,simmonsamanda@example.org,2023-09-06,REGULAR
413,Robert Andrade,brianmyers@example.net,2026-04-02,PREMIUM
414,Carla Nelson,brandonconley@example.com,2023-08-18,VIP
415,Eric Knight,barrettsarah@example.com,2026-04-02,REGULAR
416,Joel Pugh,gilesalexander@example.com,2022-10-10,VIP
417,Kimberly Hawkins,vrivas@example.com,2025-07-04,REGULAR
418,Kayla King,justinbishop@example.com,2022-09-30,REGULAR
419,Priscilla Weaver,zacharyterrell@example.com,2024-11-13,REGULAR
420,Joanna Douglas,linda21@example.org,2025-12-14,VIP
421,Stephen Randall,friedmanfrederick@example.com,2025-07-20,VIP
422,Michael Cole,ricky79@example.org,2024-12-22,PREMIUM
423,Dawn Villa,melaniehernandez@example.org,2025-02-18,VIP
424,Sandra Duncan,matthew15@example.org,2026-06-26,PREMIUM
425,Kelli Delgado,kelsey88@example.org,2022-09-12,VIP
426,Matthew Schultz,harmondonna@example.com,2023-01-19,PREMIUM
427,Brittany Lane,parkstephanie@example.net,2023-08-24,REGULAR
428,Justin Brown,michelle47@example.com,2026-03-19,VIP
429,Daniel Mitchell,blong@example.net,2025-05-17,PREMIUM
430,Glenda Hart,thall@example.com,2025-10-22,REGULAR
431,Amy Wilson,steingabriel@example.com,2025-10-17,VIP
432,Michael Reynolds,mary54@example.org,2024-10-04,REGULAR
433,Angela Hart,yjohnson@example.com,2026-02-15,VIP
434,Gregory Steele,tracistewart@example.com,2026-02-14,VIP
435,Darren Thomas,jchen@example.com,2024-11-16,REGULAR
436,Amanda Adams,tanderson@example.com,2024-11-15,VIP
437,Michael Lopez,savannahclark@example.com,2026-03-13,PREMIUM
438,Jenna Patterson,jennifer24@example.com,2023-06-10,VIP
439,Jill Carpenter,cookmartin@example.net,2023-10-17,PREMIUM
440,Carl Flores,thomasperez@example.net,2024-03-19,PREMIUM
441,David Sparks,solomonkevin@example.org,2026-04-04,PREMIUM
442,Dr. Jessica Stanley,ogarrett@example.net,2023-10-25,REGULAR
443,Traci Garcia,yware@example.org,2026-03-04,PREMIUM
444,Elizabeth Cline,rachel04@example.com,2026-04-09,PREMIUM
445,Aaron Gamble,courtneychristensen@example.com,2023-04-06,PREMIUM
446,Dawn Garcia,trodriguez@example.com,2023-08-08,VIP
447,Kelsey Hayes,ianmonroe@example.com,2025-03-19,REGULAR
448,Shelly Williamson,robert66@example.org,2024-05-15,PREMIUM
449,Gregory Jordan,mcgrathwilliam@example.com,2022-12-17,PREMIUM
450,Jeremy Salas,dchambers@example.net,2026-06-27,REGULAR
451,Stacie Kane,vcarr@example.com,2024-01-24,VIP
452,Elizabeth Gilmore,richardsonbruce@example.net,2024-03-01,REGULAR
453,Charlotte Watson,stephenphillips@example.net,2023-06-09,PREMIUM
454,Michael Herrera,franklin74@example.com,2024-05-02,PREMIUM
455,Kevin Coleman,kristensanchez@example.org,2023-08-27,REGULAR
456,Laura Pope,teresa75@example.net,2023-10-19,VIP
457,Jorge Patterson,david55@example.com,2026-02-03,PREMIUM
458,Kelly Wilson,tlawson@example.com,2025-07-28,VIP
459,Charles Myers,ycox@example.com,2024-10-31,REGULAR
460,Samantha Richardson,matthew70@example.org,2022-11-05,VIP
461,Ricky Bruce,apratt@example.org,2024-04-26,VIP
462,Katherine Walter,fernandezmark@example.com,2023-07-26,VIP
463,Donald Pacheco,melissawilliamsexample.com,2022-08-08,PREMIUM
464,Mrs. Courtney Jenkins DVM,wallacekenneth@example.net,2024-09-15,REGULAR
465,Jesus Blankenship,virginiapalmer@example.org,2023-01-14,REGULAR
466,Randy Fisher,susan04@example.org,2022-08-25,REGULAR
467,Nathaniel Turner,melinda59@example.net,2025-11-17,VIP
468,Karen Sims,keyjulie@example.org,2024-04-23,VIP
469,Robert Arnold,edwardsdouglas@example.org,2025-06-08,PREMIUM
470,William Marks,solomonbrooke@example.net,2026-06-07,REGULAR
471,Bruce Caldwell II,jeffrey34@example.net,2024-01-19,REGULAR
472,Kevin Ortega,andersonchristopher@example.com,2025-06-29,VIP
473,Joy West,debra99@example.org,2023-05-25,REGULAR
474,Sharon White,margaretcampos@example.org,2025-10-18,PREMIUM
475,Raymond Atkins,iterry@example.org,2025-02-25,PREMIUM
476,Jessica Gallegos,qmartinez@example.org,2024-12-23,VIP
477,Jesse Carlson,yadams@example.com,2026-06-23,REGULAR
478,Elizabeth Fields,shelby71@example.org,2024-01-30,PREMIUM
479,Erica Higgins,youngricky@example.org,2026-06-04,VIP
480,Ariana Bailey,avasquez@example.org,2024-07-04,PREMIUM
481,Nicole Tyler,katherinemoore@example.net,2026-02-02,PREMIUM
482,Shannon Scott,rodriguezbrian@example.com,2022-12-05,PREMIUM
483,Hannah Christian,vwillis@example.org,2024-09-12,VIP
484,Ellen Frank,weeksjohn@example.net,2025-03-22,PREMIUM
485,Donna Mata,melindawright@example.org,2022-08-25,VIP
486,Michael Williams,zkirk@example.com,2024-04-15,PREMIUM
487,Peter Haynes,lisacarter@example.net,2023-09-07,PREMIUM
488,Kathryn Mcknight,clarknicole@example.net,2026-05-12,VIP
489,John Mcknight,nathan63@example.net,2022-11-22,PREMIUM
490,Melissa Thomas,xdunn@example.com,2026-06-10,VIP
491,Matthew Velazquez,yvette26@example.com,2025-09-24,VIP
492,Debbie Miller,michael43@example.com,2023-06-05,PREMIUM
493,Melissa Reynolds,albert47@example.org,2022-08-24,REGULAR
494,Wanda White,keithclark@example.org,2025-01-19,VIP
495,Gary Thompson,burgesstravis@example.org,2025-12-12,REGULAR
496,Derrick Knight,drobbins@example.com,2022-12-03,PREMIUM
497,Isaac Wise,gary81@example.net,2022-09-13,PREMIUM
498,Holly Daniels,wsummersexample.com,2023-10-04,REGULAR
499,John Jones,ericballard@example.net,2023-05-20,VIP
500,Donald Freeman,psmith@example.com,2022-08-23,REGULAR
305,Randall Morgan,jennifer50@example.org,2024-08-10,REGULAR
341,Anthony Torres,racheljackson@example.org,2025-09-20,PREMIUM
48,Bruce Clark,clarkpatrick@example.com,2025-01-09,VIP
68,Savannah Daniel,iallenexample.com,2025-03-28,VIP
480,Ariana Bailey,avasquez@example.org,2024-07-04,PREMIUM
